error,study_id
none,372343855
none,1273785176
none,1442184091
none,41059008
none,1268085753
none,9661100
none,10575686
none,18668412
none,1605798640
none,1605803389
none,1605797471
none,1605799506
none,1605802367
"[1m[33mError[39m in `movebank_retrieve()`:[22m
[33m![39m The server understood the request but refuses to authorize it.
[34mâ„¹[39m Incorrect md5 hash.
",1448409403
none,220229
none,1402467516
none,631036041
none,921479228
none,1493312931
none,1978000955
none,1476869285
none,38884010
none,1206927877
none,183209639
none,1357070182
none,1071134107
none,1699795086
none,1007794443
none,2478177417
none,958302149
none,400637020
none,1007425032
none,2277774459
none,1700206712
none,2201086728
none,1543123177
none,10681135
none,2478104452
none,41058790
none,226716
none,1145621265
none,1323668146
none,1395952585
none,897981076
"[1m[33mError[39m in `movebank_retrieve()`:[22m
[33m![39m The server understood the request but refuses to authorize it.
[34mâ„¹[39m Incorrect md5 hash.
",2389024693
none,1466496857
none,2411977220
none,1659869350
none,525600727
none,1431850095
none,1732512659
none,1477782907
none,313453217
none,2784843611
none,7023813
none,565467203
none,216040785
none,1767692280
none,1115272968
none,2765563865
none,1823143
none,2760899
none,1798970
none,172255794
none,893458555
none,245174184
none,1487368637
none,4958546
none,2988859
none,2088496890
none,3186161092
none,2088516816
none,1049826825
none,17469219
none,1323163019
none,1233598831
none,195130114
none,64283289
none,194854525
none,10857031
none,1849103
none,348687678
none,304875150
none,2734515
none,1445058753
none,606508137
none,11223924
none,101348064
none,209824313
"[1m[33mError[39m in `movebank_retrieve()`:[22m
[33m![39m The server understood the request but refuses to authorize it.
[34mâ„¹[39m Incorrect md5 hash.
",461928117
none,752613562
none,108619038
none,384882516
none,1300139708
none,12170798
none,896410936
none,1030734949
none,1849480
none,334874110
none,2567608657
"[1m[33mError[39m in `movebank_retrieve()`:[22m
[33m![39m The server understood the request but refuses to authorize it.
[34mâ„¹[39m Incorrect md5 hash.
",1576838343
none,430263960
none,294524920
none,2364710
none,1316009406
none,1349878794
none,1563857083
none,2943485
none,312057662
none,18957668
none,295134472
none,2425475445
none,1429664821
none,1542161732
none,2170027243
none,416289710
none,146932094
none,249737372
none,287187244
none,358865092
none,1120749252
none,1852945982
none,1212720015
none,33622846
none,1575973021
none,10006517
none,1724475305
none,1728787796
none,312267867
none,1879445455
none,2297102844
none,3066197013
none,1426277950
none,1477732753
none,500843885
none,1404033416
none,2434931904
none,3395582175
none,1915629500
none,672882373
none,1300181028
none,248994009
none,444539014
none,1849939
none,384868221
none,194626601
none,1082623728
"[1m[33mError[39m in `movebank_retrieve()`:[22m
[33m![39m The server understood the request but refuses to authorize it.
[34mâ„¹[39m Incorrect md5 hash.
",2105214573
none,1909487338
none,1338487915
none,1296030530
none,195375760
none,2928116
none,3056865342
none,1229945587
none,1910442974
none,1541892445
none,1487384485
none,21172390
"[1m[33mError[39m in `movebank_retrieve()`:[22m
[33m![39m The server understood the request but refuses to authorize it.
[34mâ„¹[39m Incorrect md5 hash.
",1418023557
none,2742048829
none,3218698288
none,110074874
none,2742086566
none,1895314026
none,39155681
none,1941203363
none,2057805903
none,6981683
none,342276419
none,2526306516
none,9480191
none,1907973121
none,2886960828
none,1487356510
none,2984378217
none,492444603
none,1725991696
none,1477774196
none,630478736
none,1013385815
none,363865056
none,1162722581
none,1597660747
none,1208105916
none,1519028787
none,643943383
none,497091077
none,7367511
none,542653863
none,657640587
none,284515564
none,497138661
none,55110832
none,908250335
none,394802766
none,1516147465
none,66206023
none,14291019
none,446675
none,496130871
none,497087673
none,1848815
none,1487373586
none,1519025527
none,1260886163
none,642345900
none,193984609
none,496136836
none,1093103347
none,1727177831
none,150764908
none,2931751
none,1087068449
none,497136217
none,2630711281
none,1109284853
none,1553609842
none,376145741
none,11017705
none,542659790
none,1747865889
none,103426553
none,1323242594
none,82207
none,972560688
none,249266943
"[1m[33mError[39m in `movebank_retrieve()`:[22m
[33m![39m The server understood the request but refuses to authorize it.
[34mâ„¹[39m Incorrect md5 hash.
",40012605
none,1451068131
none,270079388
none,92261778
none,1375204238
none,1554008783
none,1623435186
none,1283461962
none,1128437181
none,1406291704
none,1953057088
none,1433022345
none,1820762357
none,894254053
none,463766103
none,321535327
none,29799425
"[1m[33mError[39m in `movebank_retrieve()`:[22m
[33m![39m The server understood the request but refuses to authorize it.
[34mâ„¹[39m Incorrect md5 hash.
",1725249380
none,128184877
none,1286005281
none,946503057
none,400816707
"[1m[33mError[39m in `movebank_retrieve()`:[22m
[33m![39m The server understood the request but refuses to authorize it.
[34mâ„¹[39m Incorrect md5 hash.
",40008075
none,1566232520
none,1552174975
none,1169168747
none,1525854501
none,1727602289
none,1487044886
"[1m[33mError[39m in `movebank_retrieve()`:[22m
[33m![39m The server understood the request but refuses to authorize it.
[34mâ„¹[39m Incorrect md5 hash.
",1415844328
none,2380262429
none,252697527
none,1123149708
none,1409712816
"[1m[33mError[39m in `movebank_retrieve()`:[22m
[33m![39m The server understood the request but refuses to authorize it.
[34mâ„¹[39m Incorrect md5 hash.
",1477781492
none,1077432441
none,1487379517
none,1504383381
none,412206724
none,10449318
none,1009590724
none,113636867
none,467005392
none,1552904769
none,2919708
none,16748598
"[1m[33mError[39m in `movebank_retrieve()`:[22m
[33m![39m The server understood the request but refuses to authorize it.
[34mâ„¹[39m Incorrect md5 hash.
",914913822
none,33643212
none,2988333
none,1606812667
none,49520609
none,1026666852
none,450192766
none,37350671
none,47899041
none,1671751878
none,19411459
none,399246220
none,17471653
none,1410035327
"[1m[33mError[39m in `movebank_retrieve()`:[22m
[33m![39m The server understood the request but refuses to authorize it.
[34mâ„¹[39m Incorrect md5 hash.
",406811869
none,1531481854
none,3392345835
none,13978569
none,1285079529
none,3367931169
none,14671003
none,1764627
none,2000376353
none,1266784970
none,21897548
none,1588459255
none,24442409
none,746910348
none,31888520
"[1m[33mError[39m in `movebank_retrieve()`:[22m
[33m![39m The server understood the request but refuses to authorize it.
[34mâ„¹[39m Incorrect md5 hash.
",505156776
"[1m[33mError[39m in `movebank_retrieve()`:[22m
[33m![39m The server understood the request but refuses to authorize it.
[34mâ„¹[39m Incorrect md5 hash.
",268904527
none,1542106029
none,1840125335
none,277815715
none,381437383
none,328919708
"[1m[33mError[39m in `movebank_retrieve()`:[22m
[33m![39m The server understood the request but refuses to authorize it.
[34mâ„¹[39m Incorrect md5 hash.
",1542147820
none,182746263
none,31987083
none,1031414292
none,34551859
none,190490326
none,174165487
none,217784323
none,208092450
none,220078181
none,958426706
none,288396691
none,3850406
none,736029750
none,2116900796
none,961039869
none,175963833
none,2007011428
none,243688044
none,108322181
none,121041109
none,305974507
"[1m[33mError[39m in `movebank_retrieve()`:[22m
[33m![39m The server understood the request but refuses to authorize it.
[34mâ„¹[39m Incorrect md5 hash.
",369184377
none,317481491
none,9651291
none,318843635
none,510147801
none,2736765655
none,466196195
none,797650867
none,178979729
none,943824007
none,605129389
none,3791354435
none,654043458
none,1605024900
none,399353330
none,1931904768
none,1480583194
none,1964358998
none,1927353640
none,1841261165
none,1958514115
none,1448377103
none,1279913272
none,2950149
none,11948467
none,1344681768
none,1897273090
"[1m[33mError[39m in `movebank_retrieve()`:[22m
[33m![39m The server understood the request but refuses to authorize it.
[34mâ„¹[39m Incorrect md5 hash.
",2770553714
none,40906102
none,2636372210
none,1715707204
none,1498452485
"[1m[33mError[39m in `movebank_retrieve()`:[22m
[33m![39m The server understood the request but refuses to authorize it.
[34mâ„¹[39m Incorrect md5 hash.
",2235625496
none,1245488040
none,1707353581
none,42451582
none,2813193630
none,933711994
none,2783096023
none,604806671
none,227843945
none,2190520177
none,621703893
none,3578422072
none,2272852276
none,302664172
none,1470245419
none,20873986
none,1555282163
none,2258814165
none,186178781
none,2434921399
none,15831031
none,2563272856
none,185780950
"[1m[33mError[39m in `movebank_retrieve()`:[22m
[33m![39m The server understood the request but refuses to authorize it.
[34mâ„¹[39m Incorrect md5 hash.
",2417414911
none,2434273914
none,1241071371
none,1670322706
none,2873131778
none,2298738353
none,322731302
"[1m[33mError[39m in `movebank_retrieve()`:[22m
[33m![39m The server understood the request but refuses to authorize it.
[34mâ„¹[39m Incorrect md5 hash.
",2830157729
"[1m[33mError[39m in `movebank_retrieve()`:[22m
[33m![39m The server understood the request but refuses to authorize it.
[34mâ„¹[39m Incorrect md5 hash.
",2122748764
none,1365616235
none,2932936747
none,44083696
none,1586527995
none,2607915878
none,2952109764
none,2980294
none,1832666571
none,2915700754
none,1720694224
none,2724609697
none,1818825
none,6925808
none,1128676353
none,2976678046
none,2082834654
none,2217728245
none,208413731
"[1m[33mError[39m in `movebank_retrieve()`:[22m
[33m![39m The server understood the request but refuses to authorize it.
[34mâ„¹[39m Incorrect md5 hash.
",2804692115
none,8019591
none,3032262361
none,505871421
none,172506851
none,1252230318
none,1623175929
none,2944153255
none,468460067
none,150597370
none,434277141
"[1m[33mError[39m in `movebank_retrieve()`:[22m
[33m![39m The server understood the request but refuses to authorize it.
[34mâ„¹[39m Incorrect md5 hash.
",178994931
none,1748945999
none,19186107
none,2398637362
none,2961927604
none,2970193504
none,193545363
none,3131029654
none,2930370782
none,3267664208
none,3225293084
none,1498695900
none,67281010
none,3207486996
none,180567667
none,360542075
none,1278021460
none,180290122
none,1904388965
none,8008992
none,1296013893
none,3240092491
none,74496970
none,3094468724
none,894254831
none,625284084
none,145038719
none,1393831579
none,3088763011
none,3309034642
none,1420256397
none,2032899110
none,2011330789
none,21231406
none,2032941891
none,3211114267
none,2296102400
none,10449535
none,3077514428
none,481458
none,7367444
none,2682651780
none,10596067
none,1701931040
none,2683113905
none,1744814602
none,584597659
none,14352599
none,14253246
none,32430844
none,2911040
none,2386742
none,501787846
none,475878514
none,1841091905
none,14266133
none,175720577
none,6994327
none,35444362
none,8849813
none,6752869
none,7981986
none,8862993
none,259100173
none,38878022
none,56232621
none,50081320
none,55112404
"[1m[33mError[39m in `movebank_retrieve()`:[22m
[33m![39m The server understood the request but refuses to authorize it.
[34mâ„¹[39m Incorrect md5 hash.
",2668207
none,6994155
"[1m[33mError[39m in `movebank_retrieve()`:[22m
[33m![39m The server understood the request but refuses to authorize it.
[34mâ„¹[39m Incorrect md5 hash.
",1393954358
none,8241619
none,1080341737
none,246072308
none,154820583
none,246072457
none,326568799
none,1539583795
none,1071101052
none,79206236
none,176207818
none,49076887
none,2927282
none,1963631608
none,8927992
none,387281835
none,82684
none,446635
none,1073231887
none,1813745412
none,1748399252
none,214595600
none,2988273
none,657674643
none,657965212
none,3901670
none,1049685237
none,2293240
none,1893554804
none,446579
none,520576912
none,650173035
none,136953438
none,2290252202
none,836714638
none,1381110575
none,529744543
"[1m[33mError[39m in `movebank_retrieve()`:[22m
[33m![39m The server understood the request but refuses to authorize it.
[34mâ„¹[39m Incorrect md5 hash.
",1091848505
"[1m[33mError[39m in `movebank_retrieve()`:[22m
[33m![39m The server understood the request but refuses to authorize it.
[34mâ„¹[39m Incorrect md5 hash.
",39800317
none,172040234
none,473993694
none,673728219
none,1080341217
none,658518884
none,2935351
none,1542206798
none,4124813
none,237320039
"[1m[33mError[39m in `movebank_retrieve()`:[22m
[33m![39m The server understood the request but refuses to authorize it.
[34mâ„¹[39m Incorrect md5 hash.
",8868155
none,69724677
none,16557786
none,963143016
none,3492555233
none,2925721
none,5845053
none,1578840076
none,11044742
none,12334567
none,19843196
none,3883692006
none,20202974
none,5588131
none,3072183
none,662164073
none,6609898
none,9589196
none,8239320
none,8266613
none,10061238
none,282734839
none,7359070
none,44083081
none,180156318
none,42988519
none,529676719
none,960611623
none,1542155599
none,1541820092
none,4420727
none,49853418
none,3109235
none,275232333
none,955358796
none,246511326
none,824372268
none,2988743
none,7237978
none,4510318
none,412070911
none,3726265
none,1542192442
none,2924922
none,10204361
none,236953686
none,163020445
none,25080521
none,180525847
none,484630593
"[1m[33mError[39m in `movebank_retrieve()`:[22m
[33m![39m The server understood the request but refuses to authorize it.
[34mâ„¹[39m Incorrect md5 hash.
",970414473
none,1402559225
none,1519030365
none,7959902
none,6761149
"[1m[33mError[39m in `movebank_retrieve()`:[22m
[33m![39m The server understood the request but refuses to authorize it.
[34mâ„¹[39m Incorrect md5 hash.
",480293328
none,532621861
none,2988345
none,28691134
none,902300371
none,10531951
none,193487640
none,16924201
none,6770990
none,133992043
none,1408056748
none,247850178
none,10511147
none,14288429
none,36314780
none,45989874
none,2235647
none,8849883
"[1m[33mError[39m in `movebank_retrieve()`:[22m
[33m![39m The server understood the request but refuses to authorize it.
[34mâ„¹[39m Incorrect md5 hash.
",2929969
none,1748526129
none,1902221
none,927364554
"[1m[33mError[39m in `path_to_connection()`:[22m
[38;5;250m[33m![38;5;250m ]8;;file:///home/nina/R_projects/Bird_dispersal/The server is currently overloaded and can not handle your request. Please retry your request again later. For questions contact support@movebank.org[34mThe server is currently overloaded and can not handle your request. Please retry your request again later. For questions[38;5;250m]8;;
  ]8;;file:///home/nina/R_projects/Bird_dispersal/The server is currently overloaded and can not handle your request. Please retry your request again later. For questions contact support@movebank.org[34mcontact support@movebank.org[38;5;250m]8;; does not exist in current working directory (]8;;file:///home/nina/R_projects/Bird_dispersal[34m/home/nina/R_projects/Bird_dispersal[38;5;250m]8;;).[39m
",10763606
"[1m[33mError[39m in `path_to_connection()`:[22m
[38;5;250m[33m![38;5;250m ]8;;file:///home/nina/R_projects/Bird_dispersal/The server is currently overloaded and can not handle your request. Please retry your request again later. For questions contact support@movebank.org[34mThe server is currently overloaded and can not handle your request. Please retry your request again later. For questions[38;5;250m]8;;
  ]8;;file:///home/nina/R_projects/Bird_dispersal/The server is currently overloaded and can not handle your request. Please retry your request again later. For questions contact support@movebank.org[34mcontact support@movebank.org[38;5;250m]8;; does not exist in current working directory (]8;;file:///home/nina/R_projects/Bird_dispersal[34m/home/nina/R_projects/Bird_dispersal[38;5;250m]8;;).[39m
",2931895
"[1m[33mError[39m in `path_to_connection()`:[22m
[38;5;250m[33m![38;5;250m ]8;;file:///home/nina/R_projects/Bird_dispersal/The server is currently overloaded and can not handle your request. Please retry your request again later. For questions contact support@movebank.org[34mThe server is currently overloaded and can not handle your request. Please retry your request again later. For questions[38;5;250m]8;;
  ]8;;file:///home/nina/R_projects/Bird_dispersal/The server is currently overloaded and can not handle your request. Please retry your request again later. For questions contact support@movebank.org[34mcontact support@movebank.org[38;5;250m]8;; does not exist in current working directory (]8;;file:///home/nina/R_projects/Bird_dispersal[34m/home/nina/R_projects/Bird_dispersal[38;5;250m]8;;).[39m
",1942479572
"[1m[33mError[39m in `path_to_connection()`:[22m
[38;5;250m[33m![38;5;250m ]8;;file:///home/nina/R_projects/Bird_dispersal/The server is currently overloaded and can not handle your request. Please retry your request again later. For questions contact support@movebank.org[34mThe server is currently overloaded and can not handle your request. Please retry your request again later. For questions[38;5;250m]8;;
  ]8;;file:///home/nina/R_projects/Bird_dispersal/The server is currently overloaded and can not handle your request. Please retry your request again later. For questions contact support@movebank.org[34mcontact support@movebank.org[38;5;250m]8;; does not exist in current working directory (]8;;file:///home/nina/R_projects/Bird_dispersal[34m/home/nina/R_projects/Bird_dispersal[38;5;250m]8;;).[39m
",8863543
"[1m[33mError[39m in `movebank_retrieve()`:[22m
[33m![39m The server understood the request but refuses to authorize it.
[34mâ„¹[39m Incorrect md5 hash.
",10449698
none,4322188
"[1m[33mError[39m in `movebank_retrieve()`:[22m
[33m![39m The server understood the request but refuses to authorize it.
[34mâ„¹[39m Incorrect md5 hash.
",8008999
none,7002955
none,1337442631
none,2988369
none,25166516
none,2988357
none,76367850
none,291047293
"[1m[33mError[39m in `movebank_retrieve()`:[22m
[33m![39m The server understood the request but refuses to authorize it.
[34mâ„¹[39m Incorrect md5 hash.
",9648615
"[1m[33mError[39m in `movebank_retrieve()`:[22m
[33m![39m The server understood the request but refuses to authorize it.
[34mâ„¹[39m Incorrect md5 hash.
",2926166
none,173641633
none,1326534946
"[1m[33mError[39m in `movebank_retrieve()`:[22m
[33m![39m The server understood the request but refuses to authorize it.
[34mâ„¹[39m Incorrect md5 hash.
",1912967014
none,501903109
none,964631790
none,7023252
"[1m[33mError[39m in `movebank_retrieve()`:[22m
[33m![39m The server understood the request but refuses to authorize it.
[34mâ„¹[39m Incorrect md5 hash.
",439735878
"[1m[33mError[39m in `movebank_retrieve()`:[22m
[33m![39m The server understood the request but refuses to authorize it.
[34mâ„¹[39m Incorrect md5 hash.
",53460105
"[1m[33mError[39m in `movebank_retrieve()`:[22m
[33m![39m The server understood the request but refuses to authorize it.
[34mâ„¹[39m Incorrect md5 hash.
",1630507774
"[1m[33mError[39m in `movebank_retrieve()`:[22m
[33m![39m The server understood the request but refuses to authorize it.
[34mâ„¹[39m Incorrect md5 hash.
",171287018
"[1m[33mError[39m in `movebank_retrieve()`:[22m
[33m![39m The server understood the request but refuses to authorize it.
[34mâ„¹[39m Incorrect md5 hash.
",2930072
none,1388937792
none,150450794
none,183770262
"[1m[33mError[39m in `movebank_retrieve()`:[22m
[33m![39m The server understood the request but refuses to authorize it.
[34mâ„¹[39m Incorrect md5 hash.
",225606
none,182459847
none,1153270750
none,176770813
none,71961236
none,164144882
none,177002088
none,259966228
none,296027617
none,332044860
none,467107447
"[1m[33mError[39m in `movebank_retrieve()`:[22m
[33m![39m The server understood the request but refuses to authorize it.
[34mâ„¹[39m Incorrect md5 hash.
",922263102
none,560041066
none,650188969
none,2988309
none,412627041
none,135628450
none,99265106
"[1m[33mError[39m in `movebank_retrieve()`:[22m
[33m![39m The server understood the request but refuses to authorize it.
[34mâ„¹[39m Incorrect md5 hash.
",1297100966
"[1m[33mError[39m in `movebank_retrieve()`:[22m
[33m![39m The server understood the request but refuses to authorize it.
[34mâ„¹[39m Incorrect md5 hash.
",7431347
none,1666470874
none,43315399
"[1m[33mError[39m in `movebank_retrieve()`:[22m
[33m![39m The server understood the request but refuses to authorize it.
[34mâ„¹[39m Incorrect md5 hash.
",49535504
none,1894170572
none,1600771155
none,2113145820
none,10135184
none,9493874
"[1m[33mError[39m in `movebank_retrieve()`:[22m
[33m![39m The server understood the request but refuses to authorize it.
[34mâ„¹[39m Incorrect md5 hash.
",16880941
"[1m[33mError[39m in `movebank_retrieve()`:[22m
[33m![39m The server understood the request but refuses to authorize it.
[34mâ„¹[39m Incorrect md5 hash.
",430469
none,1609400843
"[1m[33mError[39m in `movebank_retrieve()`:[22m
[33m![39m The server understood the request but refuses to authorize it.
[34mâ„¹[39m Incorrect md5 hash.
",9493881
"[1m[33mError[39m in `movebank_retrieve()`:[22m
[33m![39m The server understood the request but refuses to authorize it.
[34mâ„¹[39m Incorrect md5 hash.
",10157679
"[1m[33mError[39m in `movebank_retrieve()`:[22m
[33m![39m The server understood the request but refuses to authorize it.
[34mâ„¹[39m Incorrect md5 hash.
",1562253659
"[1m[33mError[39m in `movebank_retrieve()`:[22m
[33m![39m The server understood the request but refuses to authorize it.
[34mâ„¹[39m Incorrect md5 hash.
",2235142320
none,2313947453
none,1356545571
none,985143423
none,2038308086
none,613825248
"[1m[33mError[39m in `movebank_retrieve()`:[22m
[33m![39m The server understood the request but refuses to authorize it.
[34mâ„¹[39m Incorrect md5 hash.
",6328729
none,83912796
none,1895716931
"[1m[33mError[39m in `movebank_retrieve()`:[22m
[33m![39m The server understood the request but refuses to authorize it.
[34mâ„¹[39m Incorrect md5 hash.
",638822948
none,10896169
none,582806181
none,924418031
"[1m[33mError[39m in `movebank_retrieve()`:[22m
[33m![39m The server understood the request but refuses to authorize it.
[34mâ„¹[39m Incorrect md5 hash.
",290656283
"[1m[33mError[39m in `movebank_retrieve()`:[22m
[33m![39m The server understood the request but refuses to authorize it.
[34mâ„¹[39m Incorrect md5 hash.
",1035523816
"[1m[33mError[39m in `movebank_retrieve()`:[22m
[33m![39m The server understood the request but refuses to authorize it.
[34mâ„¹[39m Incorrect md5 hash.
",3718924087
none,3902656356
none,35439054
"[1m[33mError[39m in `movebank_retrieve()`:[22m
[33m![39m The server understood the request but refuses to authorize it.
[34mâ„¹[39m Incorrect md5 hash.
",986040562
"[1m[33mError[39m in `movebank_retrieve()`:[22m
[33m![39m The server understood the request but refuses to authorize it.
[34mâ„¹[39m Incorrect md5 hash.
",166943336
"[1m[33mError[39m in `movebank_retrieve()`:[22m
[33m![39m The server understood the request but refuses to authorize it.
[34mâ„¹[39m Incorrect md5 hash.
",307786785
"[1m[33mError[39m in `movebank_retrieve()`:[22m
[33m![39m The server understood the request but refuses to authorize it.
[34mâ„¹[39m Incorrect md5 hash.
",938783961
"[1m[33mError[39m in `movebank_retrieve()`:[22m
[33m![39m The server understood the request but refuses to authorize it.
[34mâ„¹[39m Incorrect md5 hash.
",47450376
"[1m[33mError[39m in `movebank_retrieve()`:[22m
[33m![39m The server understood the request but refuses to authorize it.
[34mâ„¹[39m Incorrect md5 hash.
",3709807835
none,212096177
"[1m[33mError[39m in `movebank_retrieve()`:[22m
[33m![39m The server understood the request but refuses to authorize it.
[34mâ„¹[39m Incorrect md5 hash.
",210818555
"[1m[33mError[39m in `movebank_retrieve()`:[22m
[33m![39m The server understood the request but refuses to authorize it.
[34mâ„¹[39m Incorrect md5 hash.
",1258895879
"[1m[33mError[39m in `movebank_retrieve()`:[22m
[33m![39m The server understood the request but refuses to authorize it.
[34mâ„¹[39m Incorrect md5 hash.
",1259686571
"[1m[33mError[39m in `movebank_retrieve()`:[22m
[33m![39m The server understood the request but refuses to authorize it.
[34mâ„¹[39m Incorrect md5 hash.
",2284228
"[1m[33mError[39m in `movebank_retrieve()`:[22m
[33m![39m The server understood the request but refuses to authorize it.
[34mâ„¹[39m Incorrect md5 hash.
",559335125
"[1m[33mError[39m in `movebank_retrieve()`:[22m
[33m![39m The server understood the request but refuses to authorize it.
[34mâ„¹[39m Incorrect md5 hash.
",2529657945
"[1m[33mError[39m in `movebank_retrieve()`:[22m
[33m![39m The server understood the request but refuses to authorize it.
[34mâ„¹[39m Incorrect md5 hash.
",49913271
"[1m[33mError[39m in `movebank_retrieve()`:[22m
[33m![39m The server understood the request but refuses to authorize it.
[34mâ„¹[39m Incorrect md5 hash.
",67597410
none,18993393
none,2652796
"[1m[33mError[39m in `movebank_retrieve()`:[22m
[33m![39m The server understood the request but refuses to authorize it.
[34mâ„¹[39m Incorrect md5 hash.
",1042359945
"[1m[33mError[39m in `movebank_retrieve()`:[22m
[33m![39m The server understood the request but refuses to authorize it.
[34mâ„¹[39m Incorrect md5 hash.
",10236270
"[1m[33mError[39m in `movebank_retrieve()`:[22m
[33m![39m The server understood the request but refuses to authorize it.
[34mâ„¹[39m Incorrect md5 hash.
",918236709
"[1m[33mError[39m in `movebank_retrieve()`:[22m
[33m![39m The server understood the request but refuses to authorize it.
[34mâ„¹[39m Incorrect md5 hash.
",892820519
"[1m[33mError[39m in `movebank_retrieve()`:[22m
[33m![39m The server understood the request but refuses to authorize it.
[34mâ„¹[39m Incorrect md5 hash.
",362421752
"[1m[33mError[39m in `movebank_retrieve()`:[22m
[33m![39m The server understood the request but refuses to authorize it.
[34mâ„¹[39m Incorrect md5 hash.
",154668356
none,909875113
"[1m[33mError[39m in `movebank_retrieve()`:[22m
[33m![39m The server understood the request but refuses to authorize it.
[34mâ„¹[39m Incorrect md5 hash.
",233141114
"[1m[33mError[39m in `movebank_retrieve()`:[22m
[33m![39m The server understood the request but refuses to authorize it.
[34mâ„¹[39m Incorrect md5 hash.
",323955652
"[1m[33mError[39m in `movebank_retrieve()`:[22m
[33m![39m The server understood the request but refuses to authorize it.
[34mâ„¹[39m Incorrect md5 hash.
",82812
none,360546360
none,172972156
none,113847156
none,66837277
none,49910951
"[1m[33mError[39m in `movebank_retrieve()`:[22m
[33m![39m The server understood the request but refuses to authorize it.
[34mâ„¹[39m Incorrect md5 hash.
",186171846
none,908798191
"[1m[33mError[39m in `movebank_retrieve()`:[22m
[33m![39m The server understood the request but refuses to authorize it.
[34mâ„¹[39m Incorrect md5 hash.
",892924356
"[1m[33mError[39m in `movebank_retrieve()`:[22m
[33m![39m The server understood the request but refuses to authorize it.
[34mâ„¹[39m Incorrect md5 hash.
",909521569
"[1m[33mError[39m in `movebank_retrieve()`:[22m
[33m![39m The server understood the request but refuses to authorize it.
[34mâ„¹[39m Incorrect md5 hash.
",3780829
none,2927914
"[1m[33mError[39m in `movebank_retrieve()`:[22m
[33m![39m The server understood the request but refuses to authorize it.
[34mâ„¹[39m Incorrect md5 hash.
",626375361
"[1m[33mError[39m in `movebank_retrieve()`:[22m
[33m![39m The server understood the request but refuses to authorize it.
[34mâ„¹[39m Incorrect md5 hash.
",918219824
"[1m[33mError[39m in `movebank_retrieve()`:[22m
[33m![39m The server understood the request but refuses to authorize it.
[34mâ„¹[39m Incorrect md5 hash.
",2923486
"[1m[33mError[39m in `movebank_retrieve()`:[22m
[33m![39m The server understood the request but refuses to authorize it.
[34mâ„¹[39m Incorrect md5 hash.
",581719332
none,462476569
none,404939825
"[1m[33mError[39m in `movebank_retrieve()`:[22m
[33m![39m The server understood the request but refuses to authorize it.
[34mâ„¹[39m Incorrect md5 hash.
",2151381
none,1088836380
"[1m[33mError[39m in `movebank_retrieve()`:[22m
[33m![39m The server understood the request but refuses to authorize it.
[34mâ„¹[39m Incorrect md5 hash.
",47449884
"[1m[33mError[39m in `movebank_retrieve()`:[22m
[33m![39m The server understood the request but refuses to authorize it.
[34mâ„¹[39m Incorrect md5 hash.
",300222057
none,681056756
none,15661938
"[1m[33mError[39m in `movebank_retrieve()`:[22m
[33m![39m The server understood the request but refuses to authorize it.
[34mâ„¹[39m Incorrect md5 hash.
",963138068
none,1092737859
none,1099562810
